municipio,mean,sd
GuarulhosSP,0.335169893596321,0.334138375241309
CampinasSP,0.210209589684382,0.498387023620307
OsascoSP,0.343499331176281,0.613748679962009
SorocabaSP,0.391840279707685,0.613282347656786
NiteroiRJ,0.38116162782535,0.608197140228003
PetropolisRJ,0.336124236974865,0.654949712473899
