UF,mean,sd
DF,2.58189565874636,3.32509979396127
AC,1.87922108126804,3.8390676365234
RJ,3.77418266609311,2.19526031357236
SP,2.50071639078669,2.34846946923062
