municipio,mean,sd
GuarulhosSP,0.222016345569864,0.659558674506843
CampinasSP,0.276442204881459,0.353008358739316
OsascoSP,0.225791472243145,0.353988035395741
SorocabaSP,0.398209865158424,0.419266023300588
NiteroiRJ,0.395660950429738,0.676811012718827
PetropolisRJ,0.235481481812894,0.41325584826991
