municipio,mean,sd
Guarulhos-SP,0.216210205946118,0.484901590552181
Campinas-SP,0.266260200133547,0.487199473008514
Osasco-SP,0.222241684282199,0.334776050597429
Sorocaba-SP,0.321887359442189,0.603797037061304
Niteroi-RJ,0.380626773135737,0.625880678091198
Petropolis-RJ,0.332592162117362,0.608844235725701
