UF,mean,sd
DF,2.28172299684957,3.47229650500231
AC,1.98297242680565,3.89048702712171
RJ,3.87116440176033,2.61872082389891
SP,2.77848287811503,2.96678663836792
