UF,mean,sd
DF,1.22828220226802,2.97425649547949
AC,2.48388368170708,2.33763389452361
RJ,3.52844044053927,2.13250421592966
SP,2.13746158918366,3.10903114080429
