UF,mean,sd
DF,2.96088403160684,2.84708113083616
AC,3.4123773239553,2.36799751967192
RJ,3.60890748910606,2.00497387978248
SP,1.48104290687479,3.96767792920582
