UF,mean,sd
DF,1.87580362637527,3.78415067191236
AC,1.44546859408729,2.51493200985715
RJ,1.05862799216993,3.52555244113319
SP,1.85930453031324,1.60597925423644
