UF,mean,sd
DF,2.25482827331871,3.34115324658342
AC,3.40035625058226,2.66115421219729
RJ,1.17456077085808,1.24183247704059
SP,2.31655164365657,1.14125002943911
