municipio,mean,sd
GuarulhosSP,0.25159724438563,0.369325433764607
CampinasSP,0.209029042860493,0.308491742331535
OsascoSP,0.35430400762707,0.35753016108647
SorocabaSP,0.344876119215041,0.663071499951184
NiteroiRJ,0.385815610690042,0.420844349637628
PetropolisRJ,0.311638379376382,0.356531852670014
